{
  "model": "logistic_regression",
  "feature_order": [
    "ret_since_open",
    "mom_1m",
    "mom_3m",
    "mom_5m",
    "vol_5m",
    "minutes_remaining"
  ],
  "mean": [
    4.566928150718763e-06,
    3.471540275196135e-07,
    1.6411081709422014e-06,
    3.805691734347889e-06,
    0.00036132967172518076,
    7.499779529295045
  ],
  "scale": [
    0.0014428557740473003,
    0.0005057163501320773,
    0.0008928213378127653,
    0.0011378783215873535,
    0.0002753794169753279,
    3.4520099445274375
  ],
  "coef": [
    2.5930004363582944,
    -0.02085957820728621,
    -0.1496343474077099,
    -0.11383172826175345,
    0.07241288278012682,
    0.0016257463894528753
  ],
  "intercept": 0.01368458638921288,
  "inference": "p = sigmoid(coef . ((x-mean)/scale) + intercept)",
  "fair_clamp": [
    0.05,
    0.95
  ],
  "holdout_metrics": {
    "n_train": 72572,
    "n_test": 31104,
    "base_rate_test": 0.4791666666666667,
    "log_loss": 0.4993649265199226,
    "log_loss_baseline": 0.6922788736563189,
    "brier": 0.16073397350954943,
    "brier_baseline": 0.2495659722222223,
    "auc": 0.8460766933062961,
    "accuracy": 0.7673611111111112,
    "brier_skill_score": 0.3559459565808665
  },
  "note": "OFFLINE-trained. Predictive content only; not a profit guarantee."
}