{
  "model": "logistic_regression",
  "feature_order": [
    "mom_1m",
    "mom_3m",
    "mom_5m",
    "vol_5m",
    "minutes_remaining"
  ],
  "mean": [
    3.471540275196135e-07,
    1.6411081709422014e-06,
    3.805691734347889e-06,
    0.00036132967172518076,
    7.499779529295045
  ],
  "scale": [
    0.0005057163501320773,
    0.0008928213378127653,
    0.0011378783215873535,
    0.0002753794169753279,
    3.4520099445274375
  ],
  "coef": [
    0.020546996842454156,
    0.12801612143550772,
    0.9957083826241531,
    0.020314641951921526,
    -0.004164269816219112
  ],
  "intercept": 0.008945790936070093,
  "inference": "p = sigmoid(coef . ((x-mean)/scale) + intercept)",
  "fair_clamp": [
    0.05,
    0.95
  ],
  "holdout_metrics": {
    "n_train": 72572,
    "n_test": 31104,
    "base_rate_test": 0.4791666666666667,
    "log_loss": 0.6211539876642199,
    "log_loss_baseline": 0.6922788736563189,
    "brier": 0.21102774641099475,
    "brier_baseline": 0.2495659722222223,
    "auc": 0.7336324824556172,
    "accuracy": 0.6778227880658436,
    "brier_skill_score": 0.15442099525055342
  },
  "note": "OFFLINE-trained. Predictive content only; not a profit guarantee."
}